{
  "epoch_f1": {
    "0": 0.9635000560452054,
    "1": 0.9862560817470277,
    "2": 0.9913155132014435,
    "3": 0.9891996699669967,
    "4": 0.9929127148110877
  },
  "best_f1": 0.9929127148110877,
  "best_epoch": 4
}